KR817179,5
KR817180,5
KR817181,7
KR817182,7
KR817183,7
KR817184,7
KR817185,7
KR817186,6
KR817187,4
KR817188,4
KR817189,4
KR817190,8
KR817191,8
KR817192,9
KR817193,8
KR817195,10
KR817196,11
KR817197,12
KR817198,13
KR817199,14
KR817200,15
KR817201,16
KR817202,17
KR817203,18
KR817204,19
KR817205,20
KR817206,20
KR817207,21
KR817208,22
KR817209,22
KR817210,23
KR817211,24
KR817212,25
KR817213,25
KR817214,26
KR817215,27
KR817216,27
KR817217,31
KJ660348,2
KJ660347,3
KJ660346,1
KM034550,28
KM034551,29
KM034552,29
KM034553,30
KM034554,30
KM034556,29
KM034558,31
KM034559,31
KM034560,31
