KR817108,127
KR817109,127
KR817110,127
KR817111,127
KR817112,127
KR817113,127
KR817179,11
KR817180,11
KR817181,14
KR817182,14
KR817183,14
KR817184,14
KR817185,14
KR817186,13
KR817187,10
KR817188,10
KR817189,10
KR817190,16
KR817191,16
KR817192,17
KR817193,16
KR817195,18
KR817196,21
KR817197,24
KR817198,25
KR817199,26
KR817200,27
KR817201,32
KR817202,36
KR817203,42
KR817204,45
KR817205,51
KR817206,51
KR817207,54
KR817208,55
KR817209,55
KR817210,58
KR817211,62
KR817212,65
KR817213,65
KR817214,66
KR817215,68
KR817216,68
KR817217,72
KR817218,76
KR817219,80
KR817220,80
KR817221,84
KR817222,84
KR817223,84
KR817224,84
KR817225,85
KR817226,85
KR817227,88
KR817228,89
KR817229,90
KR817230,95
KR817231,95
KR817235,97
KR817236,99
KR817237,100
KR817238,101
KR817242,115
KR817243,117
KR817244,117
KJ660348,2
KJ660347,3
KJ660346,0
KM034550,69
KM034551,70
KM034552,70
KM233035,77
KM233036,77
KM233037,78
KM233038,78
KM233039,78
KM233040,78
KM233041,78
KM233042,78
KM233043,78
KM233044,79
KM233045,79
KM034553,71
KM034554,71
KM034556,70
KM034558,72
KM034559,72
KM034560,72
KM034561,72
KM034562,72
KM034563,72
KM233049,75
KM233050,84
KM233053,80
KM233054,82
KM233055,82
KM233056,82
KM233058,85
KM233061,85
KM233062,86
KM233064,89
KM233065,87
KM233069,87
KM233071,87
KM233072,89
KM233073,89
KM233074,89
KM233075,89
KM233076,89
KM233077,90
KM233078,90
KM233079,90
KM233080,90
KM233081,90
KM233082,90
KM233084,90
KM233085,90
KM233086,90
KM233087,90
KM233089,90
KM233090,90
KM233091,90
KM233092,90
KM233093,90
KM233094,90
KM233095,90
KM233096,90
KM233097,90
KM233098,91
KM233100,91
KM233101,91
KM233102,91
KM233103,91
KM233104,92
KM233105,92
KM233106,92
KM233107,92
KM233108,93
KM233109,93
KM233110,93
KM233111,93
KM233112,93
KM233113,93
KM233115,93
KM233116,79
KR105200,91
KR105201,94
KR105202,93
KR105203,92
KR105204,94
KR105205,94
KR105206,96
KR105207,96
KR105208,97
KR105211,100
KR105213,110
KR105214,109
KR105215,111
KR105216,112
KR105217,113
KR105218,113
KR105220,116
KR105221,115
KR105222,116
KR105223,116
KR105224,116
KR105225,116
KR105226,116
KR105227,116
KR105228,116
KR105229,117
KR105230,117
KR105231,118
KR105232,119
KR105233,119
KR105234,119
KR105235,119
KR105236,118
KR105237,119
KR105238,119
KR105239,123
KR105240,120
KR105241,114
KR105242,119
KR105243,120
KR105244,121
KR105245,121
KR105246,123
KR105247,123
KR105248,123
KR105249,124
KR105250,124
KR105251,124
KR105252,124
KR105253,125
KR105254,125
KR105255,125
KR105256,126
KR105257,126
KR105258,126
